employee_id,name,branch_id
1,Dustin Ramsey,2
2,Michael Padilla,3
3,Eric Rodriguez,4
4,Nicholas Thompson,5
5,Samantha Burton,1
6,Jason Jenkins,2
7,David Brown,3
8,Misty Lopez,4
9,Abigail Gutierrez,5
10,Matthew Wright,1
11,Rebecca Klein,2
12,Amanda Cameron,3
13,Ryan Carter,4
14,James Williams,5
15,Justin Young,1
16,Michael Peters,2
17,Samantha Smith,3
18,Jordan Moore,4
19,Brenda Martinez,5
20,Kathleen Williams,1
21,David Arnold,2
22,Sophia Rodriguez,3
23,Joseph Smith,4
24,Jason Ramirez,5
25,Donald Wong,1
26,Holly Christian,2
27,Johnny Lopez,3
28,Joy Salas,4
29,Cassandra Guerrero,5
30,Donald Taylor,1
